question_id,question_text,priority,pattern_id,pattern_name,solving_formula,notes,design_subtype
32,"As a Google PM, how would you design a solution to enhance financial savviness for users?",ðŸŸ¢,P13B_General,Consumer Platforms - General,Users â†’ Jobs â†’ Core Loop â†’ Key Features â†’ Tradeoffs â†’ Success Metrics,Product design; financial education,P13B_Digital_Consumer
38,"As a PM at a teleconferencing company, design a product for working from home.",ðŸŸ¢,P13B_General,Consumer Platforms - General,Users â†’ Jobs â†’ Core Loop â†’ Key Features â†’ Tradeoffs â†’ Success Metrics,Product design; WFH focus,P13B_Digital_Consumer
70,"As a PM for the health team at Meta, design a product for tissue donation.",ðŸŸ¢,P13B_General,Consumer Platforms - General,Users â†’ Jobs â†’ Core Loop â†’ Key Features â†’ Tradeoffs â†’ Success Metrics,Product design; healthcare focus,P13B_Digital_Consumer
126,"Based on the latest AI news, what ideas do you have that are one step beyond what exists today?",ðŸŸ¢,P13B_General,Consumer Platforms - General,Users â†’ Jobs â†’ Core Loop â†’ Key Features â†’ Tradeoffs â†’ Success Metrics,Product ideation; AI innovation,P13B_Digital_Consumer
127,Brainstorm a product idea with the help of AI.,ðŸŸ¢,P13B_General,Consumer Platforms - General,Users â†’ Jobs â†’ Core Loop â†’ Key Features â†’ Tradeoffs â†’ Success Metrics,Product ideation; AI-assisted brainstorming,P13B_Digital_Consumer
134,Build a product for art lovers.,ðŸŸ¢,P13B_General,Consumer Platforms - General,Users â†’ Jobs â†’ Core Loop â†’ Key Features â†’ Tradeoffs â†’ Success Metrics,Product ideation; art platform,P13B_Digital_Consumer
136,Build a table management system.,ðŸŸ¢,P13B_General,Consumer Platforms - General,Users â†’ Jobs â†’ Core Loop â†’ Key Features â†’ Tradeoffs â†’ Success Metrics,Product design; restaurant system,P13B_Digital_Consumer
138,Build your own customer service AI agent for a hypothetical outdoors company.,ðŸŸ¢,P13B_General,Consumer Platforms - General,Users â†’ Jobs â†’ Core Loop â†’ Key Features â†’ Tradeoffs â†’ Success Metrics,Product design; AI customer service,P13B_Digital_Consumer
180,Create an app to increase reading.,ðŸŸ¢,P13B_General,Consumer Platforms - General,Users â†’ Jobs â†’ Core Loop â†’ Key Features â†’ Tradeoffs â†’ Success Metrics,Product ideation; reading app,P13B_Digital_Consumer
253,Design a 'maker-checker' feature in a finance platform where each manual action requires two individuals: the executor and the approver.,ðŸŸ¢,P13B_General,Consumer Platforms - General,Users â†’ Jobs â†’ Core Loop â†’ Key Features â†’ Tradeoffs â†’ Success Metrics,Feature design; finance platform,P13B_Digital_Consumer
255,Design a banking app for kids.,ðŸŸ¢,P13B_General,Consumer Platforms - General,Users â†’ Jobs â†’ Core Loop â†’ Key Features â†’ Tradeoffs â†’ Success Metrics,Product design; banking for kids,P13B_Digital_Consumer
260,Design a better experience for attending large events. How would you implement and test it? What would the user experience look like?,ðŸŸ¢,P13B_General,Consumer Platforms - General,Users â†’ Jobs â†’ Core Loop â†’ Key Features â†’ Tradeoffs â†’ Success Metrics,Product design; event experience,P13B_Digital_Consumer
263,Design a bike program for Google's Mountain View campus.,ðŸŸ¢,P13B_General,Consumer Platforms - General,Users â†’ Jobs â†’ Core Loop â†’ Key Features â†’ Tradeoffs â†’ Success Metrics,Product design; campus program,P13B_Digital_Consumer
266,Design a birthday app.,ðŸŸ¢,P13B_General,Consumer Platforms - General,Users â†’ Jobs â†’ Core Loop â†’ Key Features â†’ Tradeoffs â†’ Success Metrics,Product design; birthday app,P13B_Digital_Consumer
271,Design a camera for the elderly.,ðŸŸ¢,P13B_General,Consumer Platforms - General,Users â†’ Jobs â†’ Core Loop â†’ Key Features â†’ Tradeoffs â†’ Success Metrics,Product design; camera for elderly,P13B_Digital_Consumer
272,Design a car for seniors.,ðŸŸ¢,P13B_General,Consumer Platforms - General,Users â†’ Jobs â†’ Core Loop â†’ Key Features â†’ Tradeoffs â†’ Success Metrics,Product design; automotive,P13B_Digital_Consumer
273,Design a car stereo.,ðŸŸ¢,P13B_General,Consumer Platforms - General,Users â†’ Jobs â†’ Core Loop â†’ Key Features â†’ Tradeoffs â†’ Success Metrics,Product design; car audio,P13B_Digital_Consumer
274,Design a cashless candy dispensing machine.,ðŸŸ¢,P13B_General,Consumer Platforms - General,Users â†’ Jobs â†’ Core Loop â†’ Key Features â†’ Tradeoffs â†’ Success Metrics,Product design; vending machine,P13B_Digital_Consumer
281,Design a cookbook app.,ðŸŸ¢,P13B_General,Consumer Platforms - General,Users â†’ Jobs â†’ Core Loop â†’ Key Features â†’ Tradeoffs â†’ Success Metrics,Product design; cookbook app,P13B_Digital_Consumer
282,Design a credit card module for kids.,ðŸŸ¢,P13B_General,Consumer Platforms - General,Users â†’ Jobs â†’ Core Loop â†’ Key Features â†’ Tradeoffs â†’ Success Metrics,Product design; financial product for kids,P13B_Digital_Consumer
300,Design a digital library to encourage kids to read.,ðŸŸ¢,P13B_General,Consumer Platforms - General,Users â†’ Jobs â†’ Core Loop â†’ Key Features â†’ Tradeoffs â†’ Success Metrics,Product design; education platform,P13B_Digital_Consumer
311,Design a feature to locate items.,ðŸŸ¢,P13B_General,Consumer Platforms - General,Users â†’ Jobs â†’ Core Loop â†’ Key Features â†’ Tradeoffs â†’ Success Metrics,Feature design; location tracking,P13B_Digital_Consumer
315,Design a financial app aimed at college students.,ðŸŸ¢,P13B_General,Consumer Platforms - General,Users â†’ Jobs â†’ Core Loop â†’ Key Features â†’ Tradeoffs â†’ Success Metrics,Product design; financial app,P13B_Digital_Consumer
316,Design a financial product for kids.,ðŸŸ¢,P13B_General,Consumer Platforms - General,Users â†’ Jobs â†’ Core Loop â†’ Key Features â†’ Tradeoffs â†’ Success Metrics,Product design; financial product for kids,P13B_Digital_Consumer
317,Design a fire alarm for the deaf.,ðŸŸ¢,P13B_General,Consumer Platforms - General,Users â†’ Jobs â†’ Core Loop â†’ Key Features â†’ Tradeoffs â†’ Success Metrics,Product design; accessibility,P13B_Digital_Consumer
319,Design a fitness app.,ðŸŸ¢,P13B_General,Consumer Platforms - General,Users â†’ Jobs â†’ Core Loop â†’ Key Features â†’ Tradeoffs â†’ Success Metrics,Product design; fitness app,P13B_Digital_Consumer
321,Design a food delivery app for restaurant owners and food vendors.,ðŸŸ¢,P13B_General,Consumer Platforms - General,Users â†’ Jobs â†’ Core Loop â†’ Key Features â†’ Tradeoffs â†’ Success Metrics,Product design; food delivery,P13B_Digital_Consumer
323,Design a food pickup app for Yelp engineers.,ðŸŸ¢,P13B_General,Consumer Platforms - General,Users â†’ Jobs â†’ Core Loop â†’ Key Features â†’ Tradeoffs â†’ Success Metrics,Product design; food pickup,P13B_Digital_Consumer
326,Design a fundraising product.,ðŸŸ¢,P13B_General,Consumer Platforms - General,Users â†’ Jobs â†’ Core Loop â†’ Key Features â†’ Tradeoffs â†’ Success Metrics,Product design; fundraising,P13B_Digital_Consumer
327,Design a garage door opener.,ðŸŸ¢,P13B_General,Consumer Platforms - General,Users â†’ Jobs â†’ Core Loop â†’ Key Features â†’ Tradeoffs â†’ Success Metrics,Product design; IoT device,P13B_Digital_Consumer
328,Design a gardening product for Meta.,ðŸŸ¢,P13B_General,Consumer Platforms - General,Users â†’ Jobs â†’ Core Loop â†’ Key Features â†’ Tradeoffs â†’ Success Metrics,Product design; gardening,P13B_Digital_Consumer
330,Design a Google Nest/Home for an elderly person.,ðŸŸ¢,P13B_General,Consumer Platforms - General,Users â†’ Jobs â†’ Core Loop â†’ Key Features â†’ Tradeoffs â†’ Success Metrics,Product design; smart home for elderly,P13B_Digital_Consumer
331,Design a Google Pixel Tablet for restaurants.,ðŸŸ¢,P13B_General,Consumer Platforms - General,Users â†’ Jobs â†’ Core Loop â†’ Key Features â†’ Tradeoffs â†’ Success Metrics,Product design; tablet for restaurants,P13B_Digital_Consumer
332,Design a Google product for individuals living in retirement homes.,ðŸŸ¢,P13B_General,Consumer Platforms - General,Users â†’ Jobs â†’ Core Loop â†’ Key Features â†’ Tradeoffs â†’ Success Metrics,Product design; retirement homes,P13B_Digital_Consumer
333,Design a Google product for the elderly.,ðŸŸ¢,P13B_General,Consumer Platforms - General,Users â†’ Jobs â†’ Core Loop â†’ Key Features â†’ Tradeoffs â†’ Success Metrics,Product design; elderly users,P13B_Digital_Consumer
335,Design a grocery delivery mobile app.,ðŸŸ¢,P13B_General,Consumer Platforms - General,Users â†’ Jobs â†’ Core Loop â†’ Key Features â†’ Tradeoffs â†’ Success Metrics,Product design; grocery delivery,P13B_Digital_Consumer
336,Design a grocery list app.,ðŸŸ¢,P13B_General,Consumer Platforms - General,Users â†’ Jobs â†’ Core Loop â†’ Key Features â†’ Tradeoffs â†’ Success Metrics,Product design; grocery list,P13B_Digital_Consumer
340,Design a hair comb for elderly (aged over 65).,ðŸŸ¢,P13B_General,Consumer Platforms - General,Users â†’ Jobs â†’ Core Loop â†’ Key Features â†’ Tradeoffs â†’ Success Metrics,Product design; accessibility,P13B_Digital_Consumer
342,Design a healthcare product for Meta.,ðŸŸ¢,P13B_General,Consumer Platforms - General,Users â†’ Jobs â†’ Core Loop â†’ Key Features â†’ Tradeoffs â†’ Success Metrics,Product design; healthcare,P13B_Digital_Consumer
343,Design a high-tech gym.,ðŸŸ¢,P13B_General,Consumer Platforms - General,Users â†’ Jobs â†’ Core Loop â†’ Key Features â†’ Tradeoffs â†’ Success Metrics,Product design; fitness facility,P13B_Digital_Consumer
348,Design a language learning app for Meta.,ðŸŸ¢,P13B_General,Consumer Platforms - General,Users â†’ Jobs â†’ Core Loop â†’ Key Features â†’ Tradeoffs â†’ Success Metrics,Product design; education app,P13B_Digital_Consumer
353,Design a listening product for Meta.,ðŸŸ¢,P13B_General,Consumer Platforms - General,Users â†’ Jobs â†’ Core Loop â†’ Key Features â†’ Tradeoffs â†’ Success Metrics,Product design; audio product,P13B_Digital_Consumer
358,Design a meditation app.,ðŸŸ¢,P13B_General,Consumer Platforms - General,Users â†’ Jobs â†’ Core Loop â†’ Key Features â†’ Tradeoffs â†’ Success Metrics,Product design; meditation app,P13B_Digital_Consumer
364,Design a mobile app for Disney theme parks.,ðŸŸ¢,P13B_General,Consumer Platforms - General,Users â†’ Jobs â†’ Core Loop â†’ Key Features â†’ Tradeoffs â†’ Success Metrics,Product design; theme park app,P13B_Digital_Consumer
365,Design a mobile app to celebrate birthdays.,ðŸŸ¢,P13B_General,Consumer Platforms - General,Users â†’ Jobs â†’ Core Loop â†’ Key Features â†’ Tradeoffs â†’ Success Metrics,Product design; birthday app,P13B_Digital_Consumer
369,Design a mortgage app.,ðŸŸ¢,P13B_General,Consumer Platforms - General,Users â†’ Jobs â†’ Core Loop â†’ Key Features â†’ Tradeoffs â†’ Success Metrics,Product design; financial app,P13B_Digital_Consumer
372,Design a new cane.,ðŸŸ¢,P13B_General,Consumer Platforms - General,Users â†’ Jobs â†’ Core Loop â†’ Key Features â†’ Tradeoffs â†’ Success Metrics,Product design; accessibility,P13B_Digital_Consumer
376,"Design a new product that Apple could announce in 5-6 years. What features and innovations would it include, and how would it enhance the current Apple ecosystem?",ðŸŸ¢,P13B_General,Consumer Platforms - General,Users â†’ Jobs â†’ Core Loop â†’ Key Features â†’ Tradeoffs â†’ Success Metrics,Product strategy; future product,P13B_Digital_Consumer
378,Design a new way for tourists to communicate.,ðŸŸ¢,P13B_General,Consumer Platforms - General,Users â†’ Jobs â†’ Core Loop â†’ Key Features â†’ Tradeoffs â†’ Success Metrics,Product design; travel communication,P13B_Digital_Consumer
393,Design a platform for home-chefs.,ðŸŸ¢,P13B_General,Consumer Platforms - General,Users â†’ Jobs â†’ Core Loop â†’ Key Features â†’ Tradeoffs â†’ Success Metrics,Product design; marketplace,P13B_Digital_Consumer
394,Design a platform for users to enjoy art.,ðŸŸ¢,P13B_General,Consumer Platforms - General,Users â†’ Jobs â†’ Core Loop â†’ Key Features â†’ Tradeoffs â†’ Success Metrics,Product design; art platform,P13B_Digital_Consumer
401,Design a product for airports.,ðŸŸ¢,P13B_General,Consumer Platforms - General,Users â†’ Jobs â†’ Core Loop â†’ Key Features â†’ Tradeoffs â†’ Success Metrics,Product design; airport services,P13B_Digital_Consumer
402,Design a product for board meetings.,ðŸŸ¢,P13B_General,Consumer Platforms - General,Users â†’ Jobs â†’ Core Loop â†’ Key Features â†’ Tradeoffs â†’ Success Metrics,Product design; board meetings,P13B_Digital_Consumer
404,Design a product for celebrity engagement.,ðŸŸ¢,P13B_General,Consumer Platforms - General,Users â†’ Jobs â†’ Core Loop â†’ Key Features â†’ Tradeoffs â†’ Success Metrics,Product design; celebrity platform,P13B_Digital_Consumer
405,Design a product for chefs to speed up the cooking process.,ðŸŸ¢,P13B_General,Consumer Platforms - General,Users â†’ Jobs â†’ Core Loop â†’ Key Features â†’ Tradeoffs â†’ Success Metrics,Product design; chef tools,P13B_Digital_Consumer
406,Design a product for child care.,ðŸŸ¢,P13B_General,Consumer Platforms - General,Users â†’ Jobs â†’ Core Loop â†’ Key Features â†’ Tradeoffs â†’ Success Metrics,Product design; childcare,P13B_Digital_Consumer
407,Design a product for children at your favorite museum.,ðŸŸ¢,P13B_General,Consumer Platforms - General,Users â†’ Jobs â†’ Core Loop â†’ Key Features â†’ Tradeoffs â†’ Success Metrics,Product design; museum experience,P13B_Digital_Consumer
411,Design a product for farms.,ðŸŸ¢,P13B_General,Consumer Platforms - General,Users â†’ Jobs â†’ Core Loop â†’ Key Features â†’ Tradeoffs â†’ Success Metrics,Product design; agriculture,P13B_Digital_Consumer
412,Design a product for gardeners.,ðŸŸ¢,P13B_General,Consumer Platforms - General,Users â†’ Jobs â†’ Core Loop â†’ Key Features â†’ Tradeoffs â†’ Success Metrics,Product design; gardening,P13B_Digital_Consumer
413,Design a product for gardening enthusiasts.,ðŸŸ¢,P13B_General,Consumer Platforms - General,Users â†’ Jobs â†’ Core Loop â†’ Key Features â†’ Tradeoffs â†’ Success Metrics,Product design; gardening,P13B_Digital_Consumer
414,Design a product for handymen for Meta.,ðŸŸ¢,P13B_General,Consumer Platforms - General,Users â†’ Jobs â†’ Core Loop â†’ Key Features â†’ Tradeoffs â†’ Success Metrics,Product design; marketplace,P13B_Digital_Consumer
417,Design a product for junior athletes to connect with their idols.,ðŸŸ¢,P13B_General,Consumer Platforms - General,Users â†’ Jobs â†’ Core Loop â†’ Key Features â†’ Tradeoffs â†’ Success Metrics,Product design; sports networking,P13B_Digital_Consumer
419,Design a product for managing and planning budgets.,ðŸŸ¢,P13B_General,Consumer Platforms - General,Users â†’ Jobs â†’ Core Loop â†’ Key Features â†’ Tradeoffs â†’ Success Metrics,Product design; financial planning,P13B_Digital_Consumer
421,Design a product for museums.,ðŸŸ¢,P13B_General,Consumer Platforms - General,Users â†’ Jobs â†’ Core Loop â†’ Key Features â†’ Tradeoffs â†’ Success Metrics,Product design; museum,P13B_Digital_Consumer
422,Design a product for parenting.,ðŸŸ¢,P13B_General,Consumer Platforms - General,Users â†’ Jobs â†’ Core Loop â†’ Key Features â†’ Tradeoffs â†’ Success Metrics,Product design; parenting,P13B_Digital_Consumer
423,Design a product for parents to moderate their children's phone and screen usage.,ðŸŸ¢,P13B_General,Consumer Platforms - General,Users â†’ Jobs â†’ Core Loop â†’ Key Features â†’ Tradeoffs â†’ Success Metrics,Product design; parental controls,P13B_Digital_Consumer
426,Design a product for roofers.,ðŸŸ¢,P13B_General,Consumer Platforms - General,Users â†’ Jobs â†’ Core Loop â†’ Key Features â†’ Tradeoffs â†’ Success Metrics,Product design; contractor platform,P13B_Digital_Consumer
427,Design a product for the blind visiting the mall.,ðŸŸ¢,P13B_General,Consumer Platforms - General,Users â†’ Jobs â†’ Core Loop â†’ Key Features â†’ Tradeoffs â†’ Success Metrics,Product design; accessibility,P13B_Digital_Consumer
429,Design a product for theme parks.,ðŸŸ¢,P13B_General,Consumer Platforms - General,Users â†’ Jobs â†’ Core Loop â†’ Key Features â†’ Tradeoffs â†’ Success Metrics,Product design; theme parks,P13B_Digital_Consumer
433,Design a product similar to Google Docs for photo editing collaboration.,ðŸŸ¢,P13B_General,Consumer Platforms - General,Users â†’ Jobs â†’ Core Loop â†’ Key Features â†’ Tradeoffs â†’ Success Metrics,Product design; collaboration tool,P13B_Digital_Consumer
435,"Design a product that enables apartment owners to access and manage the usage of shared amenities (e.g. gym, garden, and book club) within their complex?",ðŸŸ¢,P13B_General,Consumer Platforms - General,Users â†’ Jobs â†’ Core Loop â†’ Key Features â†’ Tradeoffs â†’ Success Metrics,Product design; property management,P13B_Digital_Consumer
436,Design a product that encourages people to read more.,ðŸŸ¢,P13B_General,Consumer Platforms - General,Users â†’ Jobs â†’ Core Loop â†’ Key Features â†’ Tradeoffs â†’ Success Metrics,Product design; reading platform,P13B_Digital_Consumer
437,Design a product that helps people find contractors.,ðŸŸ¢,P13B_General,Consumer Platforms - General,Users â†’ Jobs â†’ Core Loop â†’ Key Features â†’ Tradeoffs â†’ Success Metrics,Product design; contractor marketplace,P13B_Digital_Consumer
440,Design a product to address language barriers in India.,ðŸŸ¢,P13B_General,Consumer Platforms - General,Users â†’ Jobs â†’ Core Loop â†’ Key Features â†’ Tradeoffs â†’ Success Metrics,Product design; language translation,P13B_Digital_Consumer
441,Design a product to connect college students.,ðŸŸ¢,P13B_General,Consumer Platforms - General,Users â†’ Jobs â†’ Core Loop â†’ Key Features â†’ Tradeoffs â†’ Success Metrics,Product design; student networking,P13B_Digital_Consumer
445,Design a product to help people connect better with doctors.,ðŸŸ¢,P13B_General,Consumer Platforms - General,Users â†’ Jobs â†’ Core Loop â†’ Key Features â†’ Tradeoffs â†’ Success Metrics,Product design; healthcare,P13B_Digital_Consumer
446,Design a product to help people feel more rested.,ðŸŸ¢,P13B_General,Consumer Platforms - General,Users â†’ Jobs â†’ Core Loop â†’ Key Features â†’ Tradeoffs â†’ Success Metrics,Product design; wellness,P13B_Digital_Consumer
447,Design a product to help people start exercising again.,ðŸŸ¢,P13B_General,Consumer Platforms - General,Users â†’ Jobs â†’ Core Loop â†’ Key Features â†’ Tradeoffs â†’ Success Metrics,Product design; fitness,P13B_Digital_Consumer
448,Design a product to help salespeople in the automotive industry close more deals.,ðŸŸ¢,P13B_General,Consumer Platforms - General,Users â†’ Jobs â†’ Core Loop â†’ Key Features â†’ Tradeoffs â†’ Success Metrics,Product design; sales tools,P13B_Digital_Consumer
450,Design a product to memorialize pets who have passed away.,ðŸŸ¢,P13B_General,Consumer Platforms - General,Users â†’ Jobs â†’ Core Loop â†’ Key Features â†’ Tradeoffs â†’ Success Metrics,Product design; pet memorial,P13B_Digital_Consumer
458,Design a recommender system feature for Dropbox that suggests files to users when they open the app on their phone.,ðŸŸ¢,P13B_General,Consumer Platforms - General,Users â†’ Jobs â†’ Core Loop â†’ Key Features â†’ Tradeoffs â†’ Success Metrics,Feature design; recommendation,P13B_Digital_Consumer
460,Design a refrigerator for blind people.,ðŸŸ¢,P13B_General,Consumer Platforms - General,Users â†’ Jobs â†’ Core Loop â†’ Key Features â†’ Tradeoffs â†’ Success Metrics,Product design; accessibility,P13B_Digital_Consumer
461,Design a refrigerator for kids.,ðŸŸ¢,P13B_General,Consumer Platforms - General,Users â†’ Jobs â†’ Core Loop â†’ Key Features â†’ Tradeoffs â†’ Success Metrics,Product design; kids product,P13B_Digital_Consumer
462,Design a refrigerator for Meta.,ðŸŸ¢,P13B_General,Consumer Platforms - General,Users â†’ Jobs â†’ Core Loop â†’ Key Features â†’ Tradeoffs â†’ Success Metrics,Product design; smart appliance,P13B_Digital_Consumer
463,Design a refrigerator for the blind.,ðŸŸ¢,P13B_General,Consumer Platforms - General,Users â†’ Jobs â†’ Core Loop â†’ Key Features â†’ Tradeoffs â†’ Success Metrics,Product design; accessibility,P13B_Digital_Consumer
466,Design a restaurant menu application.,ðŸŸ¢,P13B_General,Consumer Platforms - General,Users â†’ Jobs â†’ Core Loop â†’ Key Features â†’ Tradeoffs â†’ Success Metrics,Product design; restaurant app,P13B_Digital_Consumer
470,Design a rewarding system.,ðŸŸ¢,P13B_General,Consumer Platforms - General,Users â†’ Jobs â†’ Core Loop â†’ Key Features â†’ Tradeoffs â†’ Success Metrics,Product design; rewards system,P13B_Digital_Consumer
471,Design a rideshare product or feature specifically for senior citizens.,ðŸŸ¢,P13B_General,Consumer Platforms - General,Users â†’ Jobs â†’ Core Loop â†’ Key Features â†’ Tradeoffs â†’ Success Metrics,Product design; rideshare for seniors,P13B_Digital_Consumer
475,Design a Search Engine for Kids,ðŸŸ¢,P13B_General,Consumer Platforms - General,Users â†’ Jobs â†’ Core Loop â†’ Key Features â†’ Tradeoffs â†’ Success Metrics,Product design; search engine for kids,P13B_Digital_Consumer
477,Design a self-driving car solution for kids.,ðŸŸ¢,P13B_General,Consumer Platforms - General,Users â†’ Jobs â†’ Core Loop â†’ Key Features â†’ Tradeoffs â†’ Success Metrics,Product design; autonomous vehicles,P13B_Digital_Consumer
480,Design a smart hat.,ðŸŸ¢,P13B_General,Consumer Platforms - General,Users â†’ Jobs â†’ Core Loop â†’ Key Features â†’ Tradeoffs â†’ Success Metrics,Product design; wearable,P13B_Digital_Consumer
481,Design a Smart Lock for Google.,ðŸŸ¢,P13B_General,Consumer Platforms - General,Users â†’ Jobs â†’ Core Loop â†’ Key Features â†’ Tradeoffs â†’ Success Metrics,Product design; smart lock,P13B_Digital_Consumer
482,Design a smart picture frame.,ðŸŸ¢,P13B_General,Consumer Platforms - General,Users â†’ Jobs â†’ Core Loop â†’ Key Features â†’ Tradeoffs â†’ Success Metrics,Product design; smart display,P13B_Digital_Consumer
483,Design a smart refrigerator.,ðŸŸ¢,P13B_General,Consumer Platforms - General,Users â†’ Jobs â†’ Core Loop â†’ Key Features â†’ Tradeoffs â†’ Success Metrics,Product design; smart appliance,P13B_Digital_Consumer
484,Design a smartphone for blind people.,ðŸŸ¢,P13B_General,Consumer Platforms - General,Users â†’ Jobs â†’ Core Loop â†’ Key Features â†’ Tradeoffs â†’ Success Metrics,Product design; accessibility,P13B_Digital_Consumer
487,Design a solution for attending large events and concerts.,ðŸŸ¢,P13B_General,Consumer Platforms - General,Users â†’ Jobs â†’ Core Loop â†’ Key Features â†’ Tradeoffs â†’ Success Metrics,Product design; event experience,P13B_Digital_Consumer
491,Design a solution for the world of online learning.,ðŸŸ¢,P13B_General,Consumer Platforms - General,Users â†’ Jobs â†’ Core Loop â†’ Key Features â†’ Tradeoffs â†’ Success Metrics,Product design; education platform,P13B_Digital_Consumer
495,Design a studio apartment for 3 people.,ðŸŸ¢,P13B_General,Consumer Platforms - General,Users â†’ Jobs â†’ Core Loop â†’ Key Features â†’ Tradeoffs â†’ Success Metrics,Product design; apartment design,P13B_Digital_Consumer
516,Design a tablet for a restaurant.,ðŸŸ¢,P13B_General,Consumer Platforms - General,Users â†’ Jobs â†’ Core Loop â†’ Key Features â†’ Tradeoffs â†’ Success Metrics,Product design; restaurant tablet,P13B_Digital_Consumer
517,Design a task management app for personal use.,ðŸŸ¢,P13B_General,Consumer Platforms - General,Users â†’ Jobs â†’ Core Loop â†’ Key Features â†’ Tradeoffs â†’ Success Metrics,Product design; task management,P13B_Digital_Consumer
521,Design a teleportation device for the year 2050.,ðŸŸ¢,P13B_General,Consumer Platforms - General,Users â†’ Jobs â†’ Core Loop â†’ Key Features â†’ Tradeoffs â†’ Success Metrics,Product design; futuristic concept,P13B_Digital_Consumer
523,Design a Time Machine for TuSimple.,ðŸŸ¢,P13B_General,Consumer Platforms - General,Users â†’ Jobs â†’ Core Loop â†’ Key Features â†’ Tradeoffs â†’ Success Metrics,Product design; time machine concept,P13B_Digital_Consumer
524,Design a time machine.,ðŸŸ¢,P13B_General,Consumer Platforms - General,Users â†’ Jobs â†’ Core Loop â†’ Key Features â†’ Tradeoffs â†’ Success Metrics,Product design; time machine concept,P13B_Digital_Consumer
525,Design a touchscreen table for a restaurant.,ðŸŸ¢,P13B_General,Consumer Platforms - General,Users â†’ Jobs â†’ Core Loop â†’ Key Features â†’ Tradeoffs â†’ Success Metrics,Product design; restaurant interface,P13B_Digital_Consumer
538,Design a virtual learning experience for Meta Reality Labs that teaches hands-on skills like pottery or welding.,ðŸŸ¢,P13B_General,Consumer Platforms - General,Users â†’ Jobs â†’ Core Loop â†’ Key Features â†’ Tradeoffs â†’ Success Metrics,Product design; VR education,P13B_Digital_Consumer
541,Design a voting app.,ðŸŸ¢,P13B_General,Consumer Platforms - General,Users â†’ Jobs â†’ Core Loop â†’ Key Features â†’ Tradeoffs â†’ Success Metrics,Product design; voting app,P13B_Digital_Consumer
543,Design a washing machine for Gen Z.,ðŸŸ¢,P13B_General,Consumer Platforms - General,Users â†’ Jobs â†’ Core Loop â†’ Key Features â†’ Tradeoffs â†’ Success Metrics,Product design; appliance for Gen Z,P13B_Digital_Consumer
544,Design a washing machine for Google.,ðŸŸ¢,P13B_General,Consumer Platforms - General,Users â†’ Jobs â†’ Core Loop â†’ Key Features â†’ Tradeoffs â†’ Success Metrics,Product design; smart appliance,P13B_Digital_Consumer
545,Design a web app for office workers to book time off.,ðŸŸ¢,P13B_General,Consumer Platforms - General,Users â†’ Jobs â†’ Core Loop â†’ Key Features â†’ Tradeoffs â†’ Success Metrics,Product design; HR app,P13B_Digital_Consumer
546,Design a web app to find a cleaner.,ðŸŸ¢,P13B_General,Consumer Platforms - General,Users â†’ Jobs â†’ Core Loop â†’ Key Features â†’ Tradeoffs â†’ Success Metrics,Product design; service marketplace,P13B_Digital_Consumer
551,Design a wedding registry.,ðŸŸ¢,P13B_General,Consumer Platforms - General,Users â†’ Jobs â†’ Core Loop â†’ Key Features â†’ Tradeoffs â†’ Success Metrics,Product design; wedding registry,P13B_Digital_Consumer
552,Design a Yelp-like restaurant review app.,ðŸŸ¢,P13B_General,Consumer Platforms - General,Users â†’ Jobs â†’ Core Loop â†’ Key Features â†’ Tradeoffs â†’ Success Metrics,Product design; review app,P13B_Digital_Consumer
561,Design an AI data product.,ðŸŸ¢,P13B_General,Consumer Platforms - General,Users â†’ Jobs â†’ Core Loop â†’ Key Features â†’ Tradeoffs â†’ Success Metrics,Product design; AI data product,P13B_Digital_Consumer
570,Design an app for a theme park.,ðŸŸ¢,P13B_General,Consumer Platforms - General,Users â†’ Jobs â†’ Core Loop â†’ Key Features â†’ Tradeoffs â†’ Success Metrics,Product design; theme park app,P13B_Digital_Consumer
571,Design an app for a toy remote control car.,ðŸŸ¢,P13B_General,Consumer Platforms - General,Users â†’ Jobs â†’ Core Loop â†’ Key Features â†’ Tradeoffs â†’ Success Metrics,Product design; toy app,P13B_Digital_Consumer
572,Design an app for an airport that can be monetized.,ðŸŸ¢,P13B_General,Consumer Platforms - General,Users â†’ Jobs â†’ Core Loop â†’ Key Features â†’ Tradeoffs â†’ Success Metrics,Product design; airport app with monetization,P13B_Digital_Consumer
573,Design an app for an amusement park.,ðŸŸ¢,P13B_General,Consumer Platforms - General,Users â†’ Jobs â†’ Core Loop â†’ Key Features â†’ Tradeoffs â†’ Success Metrics,Product design; amusement park app,P13B_Digital_Consumer
575,Design an app for cinema.,ðŸŸ¢,P13B_General,Consumer Platforms - General,Users â†’ Jobs â†’ Core Loop â†’ Key Features â†’ Tradeoffs â†’ Success Metrics,Product design; cinema app,P13B_Digital_Consumer
576,Design an app for gardening.,ðŸŸ¢,P13B_General,Consumer Platforms - General,Users â†’ Jobs â†’ Core Loop â†’ Key Features â†’ Tradeoffs â†’ Success Metrics,Product design; gardening app,P13B_Digital_Consumer
577,Design an app for Meta's smart glasses.,ðŸŸ¢,P13B_General,Consumer Platforms - General,Users â†’ Jobs â†’ Core Loop â†’ Key Features â†’ Tradeoffs â†’ Success Metrics,Product design; AR glasses app,P13B_Digital_Consumer
578,Design an app for newcomers in a city to find doctors.,ðŸŸ¢,P13B_General,Consumer Platforms - General,Users â†’ Jobs â†’ Core Loop â†’ Key Features â†’ Tradeoffs â†’ Success Metrics,Product design; healthcare app,P13B_Digital_Consumer
579,Design an app for renting bicycles.,ðŸŸ¢,P13B_General,Consumer Platforms - General,Users â†’ Jobs â†’ Core Loop â†’ Key Features â†’ Tradeoffs â†’ Success Metrics,Product design; bike rental app,P13B_Digital_Consumer
581,Design an app to allow book subscriptions with hard copies.,ðŸŸ¢,P13B_General,Consumer Platforms - General,Users â†’ Jobs â†’ Core Loop â†’ Key Features â†’ Tradeoffs â†’ Success Metrics,Product design; book subscription,P13B_Digital_Consumer
582,Design an app to read books online.,ðŸŸ¢,P13B_General,Consumer Platforms - General,Users â†’ Jobs â†’ Core Loop â†’ Key Features â†’ Tradeoffs â†’ Success Metrics,Product design; e-reader app,P13B_Digital_Consumer
583,Design an app to search for therapists.,ðŸŸ¢,P13B_General,Consumer Platforms - General,Users â†’ Jobs â†’ Core Loop â†’ Key Features â†’ Tradeoffs â†’ Success Metrics,Product design; healthcare app,P13B_Digital_Consumer
586,Design an application that helps users lose weight.,ðŸŸ¢,P13B_General,Consumer Platforms - General,Users â†’ Jobs â†’ Core Loop â†’ Key Features â†’ Tradeoffs â†’ Success Metrics,Product design; health app,P13B_Digital_Consumer
587,Design an application to help people find doctors.,ðŸŸ¢,P13B_General,Consumer Platforms - General,Users â†’ Jobs â†’ Core Loop â†’ Key Features â†’ Tradeoffs â†’ Success Metrics,Product design; healthcare app,P13B_Digital_Consumer
589,Design an art-related product for Meta.,ðŸŸ¢,P13B_General,Consumer Platforms - General,Users â†’ Jobs â†’ Core Loop â†’ Key Features â†’ Tradeoffs â†’ Success Metrics,Product design; art product,P13B_Digital_Consumer
590,Design an ATM for kids.,ðŸŸ¢,P13B_General,Consumer Platforms - General,Users â†’ Jobs â†’ Core Loop â†’ Key Features â†’ Tradeoffs â†’ Success Metrics,Product design; ATM for kids,P13B_Digital_Consumer
591,Design an ATM for London's Heathrow Airport.,ðŸŸ¢,P13B_General,Consumer Platforms - General,Users â†’ Jobs â†’ Core Loop â†’ Key Features â†’ Tradeoffs â†’ Success Metrics,Product design; airport ATM,P13B_Digital_Consumer
592,Design an ATM for the blind.,ðŸŸ¢,P13B_General,Consumer Platforms - General,Users â†’ Jobs â†’ Core Loop â†’ Key Features â†’ Tradeoffs â†’ Success Metrics,Product design; accessibility,P13B_Digital_Consumer
600,Design an educational product for Meta.,ðŸŸ¢,P13B_General,Consumer Platforms - General,Users â†’ Jobs â†’ Core Loop â†’ Key Features â†’ Tradeoffs â†’ Success Metrics,Product design; education platform,P13B_Digital_Consumer
603,Design an electric car dashboard.,ðŸŸ¢,P13B_General,Consumer Platforms - General,Users â†’ Jobs â†’ Core Loop â†’ Key Features â†’ Tradeoffs â†’ Success Metrics,Product design; automotive dashboard,P13B_Digital_Consumer
613,Design an events feature for a kids' messenger app.,ðŸŸ¢,P13B_General,Consumer Platforms - General,Users â†’ Jobs â†’ Core Loop â†’ Key Features â†’ Tradeoffs â†’ Success Metrics,Feature design; messaging,P13B_Digital_Consumer
616,Design an improved version of Google Photos to enhance accessibility for blind users.,ðŸŸ¢,P13B_General,Consumer Platforms - General,Users â†’ Jobs â†’ Core Loop â†’ Key Features â†’ Tradeoffs â†’ Success Metrics,Product design; accessibility,P13B_Digital_Consumer
620,Design an international crypto remittance product.,ðŸŸ¢,P13B_General,Consumer Platforms - General,Users â†’ Jobs â†’ Core Loop â†’ Key Features â†’ Tradeoffs â†’ Success Metrics,Product design; fintech,P13B_Digital_Consumer
622,Design an iron for the blind.,ðŸŸ¢,P13B_General,Consumer Platforms - General,Users â†’ Jobs â†’ Core Loop â†’ Key Features â†’ Tradeoffs â†’ Success Metrics,Product design; accessibility,P13B_Digital_Consumer
628,Design an office refrigerator.,ðŸŸ¢,P13B_General,Consumer Platforms - General,Users â†’ Jobs â†’ Core Loop â†’ Key Features â†’ Tradeoffs â†’ Success Metrics,Product design; office appliance,P13B_Digital_Consumer
631,Design an online ticketing platform to compete with Ticketmaster.,ðŸŸ¢,P13B_General,Consumer Platforms - General,Users â†’ Jobs â†’ Core Loop â†’ Key Features â†’ Tradeoffs â†’ Success Metrics,Product design; ticketing platform,P13B_Digital_Consumer
640,Design ClassPass for kids.,ðŸŸ¢,P13B_General,Consumer Platforms - General,Users â†’ Jobs â†’ Core Loop â†’ Key Features â†’ Tradeoffs â†’ Success Metrics,Product design; fitness for kids,P13B_Digital_Consumer
653,Design Lyft for college students.,ðŸŸ¢,P13B_General,Consumer Platforms - General,Users â†’ Jobs â†’ Core Loop â†’ Key Features â†’ Tradeoffs â†’ Success Metrics,Product design; rideshare for students,P13B_Digital_Consumer
654,Design Lyft for kids.,ðŸŸ¢,P13B_General,Consumer Platforms - General,Users â†’ Jobs â†’ Core Loop â†’ Key Features â†’ Tradeoffs â†’ Success Metrics,Product design; rideshare for kids,P13B_Digital_Consumer
655,"Design Naukri, a job search platform.",ðŸŸ¢,P13B_General,Consumer Platforms - General,Users â†’ Jobs â†’ Core Loop â†’ Key Features â†’ Tradeoffs â†’ Success Metrics,Product design; job platform,P13B_Digital_Consumer
660,Design pens for children.,ðŸŸ¢,P13B_General,Consumer Platforms - General,Users â†’ Jobs â†’ Core Loop â†’ Key Features â†’ Tradeoffs â†’ Success Metrics,Product design; stationery,P13B_Digital_Consumer
662,Design Robinhood.,ðŸŸ¢,P13B_General,Consumer Platforms - General,Users â†’ Jobs â†’ Core Loop â†’ Key Features â†’ Tradeoffs â†’ Success Metrics,Product design; trading platform,P13B_Digital_Consumer
663,Design smart furniture for Google.,ðŸŸ¢,P13B_General,Consumer Platforms - General,Users â†’ Jobs â†’ Core Loop â†’ Key Features â†’ Tradeoffs â†’ Success Metrics,Product design; IoT furniture,P13B_Digital_Consumer
664,Design something based on a project on your resume.,ðŸŸ¢,P13B_General,Consumer Platforms - General,Users â†’ Jobs â†’ Core Loop â†’ Key Features â†’ Tradeoffs â†’ Success Metrics,Product design; portfolio question,P13B_Digital_Consumer
673,Design the best slippers.,ðŸŸ¢,P13B_General,Consumer Platforms - General,Users â†’ Jobs â†’ Core Loop â†’ Key Features â†’ Tradeoffs â†’ Success Metrics,Product design; footwear,P13B_Digital_Consumer
674,Design the front page of a newspaper app.,ðŸŸ¢,P13B_General,Consumer Platforms - General,Users â†’ Jobs â†’ Core Loop â†’ Key Features â†’ Tradeoffs â†’ Success Metrics,Product design; news app,P13B_Digital_Consumer
675,Design the interior of a fully autonomous car that requires no human interaction.,ðŸŸ¢,P13B_General,Consumer Platforms - General,Users â†’ Jobs â†’ Core Loop â†’ Key Features â†’ Tradeoffs â†’ Success Metrics,Product design; autonomous vehicle,P13B_Digital_Consumer
677,Design the OpenAI Playground.,ðŸŸ¢,P13B_General,Consumer Platforms - General,Users â†’ Jobs â†’ Core Loop â†’ Key Features â†’ Tradeoffs â†’ Success Metrics,Product design; AI platform,P13B_Digital_Consumer
688,Design Uber for laundry.,ðŸŸ¢,P13B_General,Consumer Platforms - General,Users â†’ Jobs â†’ Core Loop â†’ Key Features â†’ Tradeoffs â†’ Success Metrics,Product design; on-demand service,P13B_Digital_Consumer
689,Design Weather App,ðŸŸ¢,P13B_General,Consumer Platforms - General,Users â†’ Jobs â†’ Core Loop â†’ Key Features â†’ Tradeoffs â†’ Success Metrics,Product design; weather app,P13B_Digital_Consumer
738,Enhance any fintech app of your choice for visually impaired users.,ðŸŸ¢,P13B_General,Consumer Platforms - General,Users â†’ Jobs â†’ Core Loop â†’ Key Features â†’ Tradeoffs â†’ Success Metrics,Product improvement; accessibility,P13B_Digital_Consumer
905,Give me three product enhancements for your favorite product.,ðŸŸ¢,P13B_General,Consumer Platforms - General,Users â†’ Jobs â†’ Core Loop â†’ Key Features â†’ Tradeoffs â†’ Success Metrics,Product improvement; feature ideas,P13B_Digital_Consumer
970,"Given Google Search is just a simple text input and hasn't innovated further, how would you improve the user journey from the landing page?",ðŸŸ¢,P13B_General,Consumer Platforms - General,Users â†’ Jobs â†’ Core Loop â†’ Key Features â†’ Tradeoffs â†’ Success Metrics,Product improvement; user experience,P13B_Digital_Consumer
980,"Given the pandemic, how would you build a software product to help parents monitor their child's increasing screen time on laptops and mobiles?",ðŸŸ¢,P13B_General,Consumer Platforms - General,Users â†’ Jobs â†’ Core Loop â†’ Key Features â†’ Tradeoffs â†’ Success Metrics,Product design; parental controls,P13B_Digital_Consumer
1012,Have you tried PowerPoint and what would you improve about it?,ðŸŸ¢,P13B_General,Consumer Platforms - General,Users â†’ Jobs â†’ Core Loop â†’ Key Features â†’ Tradeoffs â†’ Success Metrics,Product improvement; PowerPoint,P13B_Digital_Consumer
1078,How do you design Amazon's Choice feature?,ðŸŸ¢,P13B_General,Consumer Platforms - General,Users â†’ Jobs â†’ Core Loop â†’ Key Features â†’ Tradeoffs â†’ Success Metrics,Feature design; recommendation system,P13B_Digital_Consumer
1271,How would you build out a feature for Viva Engage?,ðŸŸ¢,P13B_General,Consumer Platforms - General,Users â†’ Jobs â†’ Core Loop â†’ Key Features â†’ Tradeoffs â†’ Success Metrics,Feature design; product improvement,
1301,How would you design a coffee machine for use on the International Space Station?,ðŸŸ¢,P13B_General,Consumer Platforms - General,Users â†’ Jobs â†’ Core Loop â†’ Key Features â†’ Tradeoffs â†’ Success Metrics,Product design; space constraints,
1304,How would you design a password management tool for children?,ðŸŸ¢,P13B_General,Consumer Platforms - General,Users â†’ Jobs â†’ Core Loop â†’ Key Features â†’ Tradeoffs â†’ Success Metrics,Product design; security,
1311,How would you design the product experience of an ATM machine at an international airport.,ðŸŸ¢,P13B_General,Consumer Platforms - General,Users â†’ Jobs â†’ Core Loop â†’ Key Features â†’ Tradeoffs â†’ Success Metrics,Product design; UX design,
1359,How would you future-proof the organization against industry disruption?,ðŸŸ¢,P13B_General,Consumer Platforms - General,Users â†’ Jobs â†’ Core Loop â†’ Key Features â†’ Tradeoffs â†’ Success Metrics,Strategic planning; product strategy,
1446,How would you improve Venmo? What features would you build and why?,ðŸŸ¢,P13B_General,Consumer Platforms - General,Users â†’ Jobs â†’ Core Loop â†’ Key Features â†’ Tradeoffs â†’ Success Metrics,Product improvement; product design,
1474,How would you launch a Copilot Plus feature in Surface?,ðŸŸ¢,P13B_General,Consumer Platforms - General,Users â†’ Jobs â†’ Core Loop â†’ Key Features â†’ Tradeoffs â†’ Success Metrics,Feature launch; product design,
1475,How would you launch a new product in the blue-collar service industry?,ðŸŸ¢,P13B_General,Consumer Platforms - General,Users â†’ Jobs â†’ Core Loop â†’ Key Features â†’ Tradeoffs â†’ Success Metrics,Product launch; product strategy,
1476,How would you launch a new product to our existing user base?,ðŸŸ¢,P13B_General,Consumer Platforms - General,Users â†’ Jobs â†’ Core Loop â†’ Key Features â†’ Tradeoffs â†’ Success Metrics,Product launch; product strategy,
1479,How would you launch a scheduled rides feature for Uber or Lyft?,ðŸŸ¢,P13B_General,Consumer Platforms - General,Users â†’ Jobs â†’ Core Loop â†’ Key Features â†’ Tradeoffs â†’ Success Metrics,Feature launch; product design,
1547,How would you redesign the gas station experience?,ðŸŸ¢,P13B_General,Consumer Platforms - General,Users â†’ Jobs â†’ Core Loop â†’ Key Features â†’ Tradeoffs â†’ Success Metrics,Experience redesign; product design,
1548,How would you redesign the worst experience on Ticketmaster to improve it?,ðŸŸ¢,P13B_General,Consumer Platforms - General,Users â†’ Jobs â†’ Core Loop â†’ Key Features â†’ Tradeoffs â†’ Success Metrics,Experience redesign; product design,
1586,Identify a product with untapped potential. Propose three new features for this product and outline how you would assess their effectiveness.,ðŸŸ¢,P13B_General,Consumer Platforms - General,Users â†’ Jobs â†’ Core Loop â†’ Key Features â†’ Tradeoffs â†’ Success Metrics,Product ideation; product design,
1602,"If Mark Zuckerberg asked you to create a product for athletes, what would you build?",ðŸŸ¢,P13B_General,Consumer Platforms - General,Users â†’ Jobs â†’ Core Loop â†’ Key Features â†’ Tradeoffs â†’ Success Metrics,Product design; new product,
1618,"If you had a teleportation device, how would you build a product from it?",ðŸŸ¢,P13B_General,Consumer Platforms - General,Users â†’ Jobs â†’ Core Loop â†’ Key Features â†’ Tradeoffs â†’ Success Metrics,Product ideation; product design,
1619,"If you had access to 20 years of geo-related data, such as street view and satellite imagery, what product would you build?",ðŸŸ¢,P13B_General,Consumer Platforms - General,Users â†’ Jobs â†’ Core Loop â†’ Key Features â†’ Tradeoffs â†’ Success Metrics,Product ideation; product design,
1624,"If you have allocated budget, how would you solve the climate crisis problem?",ðŸŸ¢,P13B_General,Consumer Platforms - General,Users â†’ Jobs â†’ Core Loop â†’ Key Features â†’ Tradeoffs â†’ Success Metrics,Problem solving; product strategy,
1632,"If you were the PM for the search results page, how would you design the relevance?",ðŸŸ¢,P13B_General,Consumer Platforms - General,Users â†’ Jobs â†’ Core Loop â†’ Key Features â†’ Tradeoffs â†’ Success Metrics,Search design; product design,
1647,Imagine you're a PM for Meta. Design a product for hobbyists (eg. gardening),ðŸŸ¢,P13B_General,Consumer Platforms - General,Users â†’ Jobs â†’ Core Loop â†’ Key Features â†’ Tradeoffs â†’ Success Metrics,Product design; new product,
1648,Imagine you're a PM for Meta. Design a product for Volunteering. What would you build? Why?,ðŸŸ¢,P13B_General,Consumer Platforms - General,Users â†’ Jobs â†’ Core Loop â†’ Key Features â†’ Tradeoffs â†’ Success Metrics,Product design; new product,
1727,"Lyft wants to invest in vertical take-off vehicles that can fit up to 4 people. How should we approach the market, who should be our target audience, and what features should we prioritize in our p...",ðŸŸ¢,P13B_General,Consumer Platforms - General,Users â†’ Jobs â†’ Core Loop â†’ Key Features â†’ Tradeoffs â†’ Success Metrics,Product strategy; product design,
1740,Meta wants to build a product for handymen like plumbers and carpenters. How would you design it?,ðŸŸ¢,P13B_General,Consumer Platforms - General,Users â†’ Jobs â†’ Core Loop â†’ Key Features â†’ Tradeoffs â†’ Success Metrics,Product design; new product,
1763,Pick a random object in your room. How would you redesign it?,ðŸŸ¢,P13B_General,Consumer Platforms - General,Users â†’ Jobs â†’ Core Loop â†’ Key Features â†’ Tradeoffs â†’ Success Metrics,Product redesign; product design,
1778,Product Sense - Build a product for sports.,ðŸŸ¢,P13B_General,Consumer Platforms - General,Users â†’ Jobs â†’ Core Loop â†’ Key Features â†’ Tradeoffs â†’ Success Metrics,Product design; new product,
1779,Propose a new feature for Perplexity.,ðŸŸ¢,P13B_General,Consumer Platforms - General,Users â†’ Jobs â†’ Core Loop â†’ Key Features â†’ Tradeoffs â†’ Success Metrics,Feature proposal; product design,
1785,Redesign a TV remote control.,ðŸŸ¢,P13B_General,Consumer Platforms - General,Users â†’ Jobs â†’ Core Loop â†’ Key Features â†’ Tradeoffs â†’ Success Metrics,Product redesign; product design,
1787,Redesign the airport experience.,ðŸŸ¢,P13B_General,Consumer Platforms - General,Users â†’ Jobs â†’ Core Loop â†’ Key Features â†’ Tradeoffs â†’ Success Metrics,Experience redesign; product design,
1788,Reinvent a backpack with 10 new features.,ðŸŸ¢,P13B_General,Consumer Platforms - General,Users â†’ Jobs â†’ Core Loop â†’ Key Features â†’ Tradeoffs â†’ Success Metrics,Product reinvention; product design,
1789,Reinvent a pillow with 10 new features.,ðŸŸ¢,P13B_General,Consumer Platforms - General,Users â†’ Jobs â†’ Core Loop â†’ Key Features â†’ Tradeoffs â†’ Success Metrics,Product reinvention; product design,
1790,Reinvent a trashcan with 10 new features.,ðŸŸ¢,P13B_General,Consumer Platforms - General,Users â†’ Jobs â†’ Core Loop â†’ Key Features â†’ Tradeoffs â†’ Success Metrics,Product reinvention; product design,
1831,"Should Uber launch an 'Uber for Kids' service? If so, how would you design it?",ðŸŸ¢,P13B_General,Consumer Platforms - General,Users â†’ Jobs â†’ Core Loop â†’ Key Features â†’ Tradeoffs â†’ Success Metrics,Product design; new product,
1865,Tell me about a popular product you use. How would you design a competitor and what features would you prioritize?,ðŸŸ¢,P13B_General,Consumer Platforms - General,Users â†’ Jobs â†’ Core Loop â†’ Key Features â†’ Tradeoffs â†’ Success Metrics,Competitive design; product design,
1904,Tell me about a time when you created a product or feature without the client requesting it.,ðŸŸ¢,P13B_General,Consumer Platforms - General,Users â†’ Jobs â†’ Core Loop â†’ Key Features â†’ Tradeoffs â†’ Success Metrics,Proactive product; behavioral question,
1983,Tell me about a time when you redesigned the interface of clinical trial software for enhanced user simplicity.,ðŸŸ¢,P13B_General,Consumer Platforms - General,Users â†’ Jobs â†’ Core Loop â†’ Key Features â†’ Tradeoffs â†’ Success Metrics,Interface redesign; behavioral question,
2027,Tell me about a time where you ideated and launched a strategy from scratch.,ðŸŸ¢,P13B_General,Consumer Platforms - General,Users â†’ Jobs â†’ Core Loop â†’ Key Features â†’ Tradeoffs â†’ Success Metrics,Strategy launch; behavioral question,
2117,Tell me about your design process.,ðŸŸ¢,P13B_General,Consumer Platforms - General,Users â†’ Jobs â†’ Core Loop â†’ Key Features â†’ Tradeoffs â†’ Success Metrics,Design process; behavioral question,
2153,The CEO asks you to design a new ATM specifically for their airport segment. What would you do?,ðŸŸ¢,P13B_General,Consumer Platforms - General,Users â†’ Jobs â†’ Core Loop â†’ Key Features â†’ Tradeoffs â†’ Success Metrics,Product design; new product,
2290,What factors would you consider when planning a strategy for a new feature for contractors and freelancers?,ðŸŸ¢,P13B_General,Consumer Platforms - General,Users â†’ Jobs â†’ Core Loop â†’ Key Features â†’ Tradeoffs â†’ Success Metrics,Feature strategy; product design,
2317,What is an example of a poorly designed product? How would you improve it?,ðŸŸ¢,P13B_General,Consumer Platforms - General,Users â†’ Jobs â†’ Core Loop â†’ Key Features â†’ Tradeoffs â†’ Success Metrics,Product critique; product design,
2329,What is the current strategy of 15-minute delivery apps?,ðŸŸ¢,P13B_General,Consumer Platforms - General,Users â†’ Jobs â†’ Core Loop â†’ Key Features â†’ Tradeoffs â†’ Success Metrics,Strategy analysis; product design,
2417,What parameters would you consider when designing UberPool?,ðŸŸ¢,P13B_General,Consumer Platforms - General,Users â†’ Jobs â†’ Core Loop â†’ Key Features â†’ Tradeoffs â†’ Success Metrics,Product design; new product,
2422,What problems could an MVP app solve?,ðŸŸ¢,P13B_General,Consumer Platforms - General,Users â†’ Jobs â†’ Core Loop â†’ Key Features â†’ Tradeoffs â†’ Success Metrics,MVP ideation; product design,
2424,What product do you think has good UX design and why?,ðŸŸ¢,P13B_General,Consumer Platforms - General,Users â†’ Jobs â†’ Core Loop â†’ Key Features â†’ Tradeoffs â†’ Success Metrics,UX analysis; product design,
2454,What two new features would you add to a car garage?,ðŸŸ¢,P13B_General,Consumer Platforms - General,Users â†’ Jobs â†’ Core Loop â†’ Key Features â†’ Tradeoffs â†’ Success Metrics,Feature ideation; product design,
2683,You are working for a startup to build a product for volunteering.,ðŸŸ¢,P13B_General,Consumer Platforms - General,Users â†’ Jobs â†’ Core Loop â†’ Key Features â†’ Tradeoffs â†’ Success Metrics,Product design; new product,
2686,You have 3 years to make X the best in the world. What strategy would you implement?,ðŸŸ¢,P13B_General,Consumer Platforms - General,Users â†’ Jobs â†’ Core Loop â†’ Key Features â†’ Tradeoffs â†’ Success Metrics,Product strategy; product design,
2710,You're a growth PM for Chrome Browser. Design a 3-year strategy for the browser.,ðŸŸ¢,P13B_General,Consumer Platforms - General,Users â†’ Jobs â†’ Core Loop â†’ Key Features â†’ Tradeoffs â†’ Success Metrics,Product design,
2716,"You're a PM at a pharma company; your product helps cows produce 20% more milk, lasting a month. What pricing strategy and price would you set for the product?",ðŸŸ¢,P13B_General,Consumer Platforms - General,Users â†’ Jobs â†’ Core Loop â†’ Key Features â†’ Tradeoffs â†’ Success Metrics,Product design,
2727,You're a PM at an elevator construction company. Design an elevator for a client.,ðŸŸ¢,P13B_General,Consumer Platforms - General,Users â†’ Jobs â†’ Core Loop â†’ Key Features â†’ Tradeoffs â†’ Success Metrics,Product design,
2730,You're a PM at Capital One. How do you measure financial gains or losses in the first year after launching a new product?,ðŸŸ¢,P13B_General,Consumer Platforms - General,Users â†’ Jobs â†’ Core Loop â†’ Key Features â†’ Tradeoffs â†’ Success Metrics,Product design,
2749,You're a PM at Meta. Design a product for users to find a handyman.,ðŸŸ¢,P13B_General,Consumer Platforms - General,Users â†’ Jobs â†’ Core Loop â†’ Key Features â†’ Tradeoffs â†’ Success Metrics,Product design,
2754,"You're a PM at Meta. How would you measure the success of the 'Report Ad' feature for Ads, considering false positives and false negatives?",ðŸŸ¢,P13B_General,Consumer Platforms - General,Users â†’ Jobs â†’ Core Loop â†’ Key Features â†’ Tradeoffs â†’ Success Metrics,Product design,
2755,You're a PM at Meta. What product or feature would you build for small or local businesses?,ðŸŸ¢,P13B_General,Consumer Platforms - General,Users â†’ Jobs â†’ Core Loop â†’ Key Features â†’ Tradeoffs â†’ Success Metrics,Product design,
2761,You're a PM at Spotify considering adding a feature for artists to go live. Should you invest in this?,ðŸŸ¢,P13B_General,Consumer Platforms - General,Users â†’ Jobs â†’ Core Loop â†’ Key Features â†’ Tradeoffs â†’ Success Metrics,Product design,
2765,You're a PM at Swiggy. How would you design a new segment for liquor on Instamart?,ðŸŸ¢,P13B_General,Consumer Platforms - General,Users â†’ Jobs â†’ Core Loop â†’ Key Features â†’ Tradeoffs â†’ Success Metrics,Product design,
2768,You're a PM at Trader Joe's and you find that sales revenues are down. Design the experience for users based on competitors like Blue Apron.,ðŸŸ¢,P13B_General,Consumer Platforms - General,Users â†’ Jobs â†’ Core Loop â†’ Key Features â†’ Tradeoffs â†’ Success Metrics,Product design,
2771,You're a PM at Uber; design a smartwatch app.,ðŸŸ¢,P13B_General,Consumer Platforms - General,Users â†’ Jobs â†’ Core Loop â†’ Key Features â†’ Tradeoffs â†’ Success Metrics,Product design,
2780,You're a PM for a household device. What three features would you recommend and why?,ðŸŸ¢,P13B_General,Consumer Platforms - General,Users â†’ Jobs â†’ Core Loop â†’ Key Features â†’ Tradeoffs â†’ Success Metrics,Product design,
2782,"You're a PM for a new device, which is a time machine. How would you design the interface?",ðŸŸ¢,P13B_General,Consumer Platforms - General,Users â†’ Jobs â†’ Core Loop â†’ Key Features â†’ Tradeoffs â†’ Success Metrics,Product design,
2800,You're a PM for Google News. What would be your product strategy for the upcoming year?,ðŸŸ¢,P13B_General,Consumer Platforms - General,Users â†’ Jobs â†’ Core Loop â†’ Key Features â†’ Tradeoffs â†’ Success Metrics,Product design,
2812,You're a PM for Meta releasing a new Jobs feature in 2 weeks. How will you measure the success of this product in the short and long term?,ðŸŸ¢,P13B_General,Consumer Platforms - General,Users â†’ Jobs â†’ Core Loop â†’ Key Features â†’ Tradeoffs â†’ Success Metrics,Product design,
2816,You're a PM for Meta. How would you build a product that helps users find handypeople?,ðŸŸ¢,P13B_General,Consumer Platforms - General,Users â†’ Jobs â†’ Core Loop â†’ Key Features â†’ Tradeoffs â†’ Success Metrics,Product design,
2824,You're a PM for Tesla. Design the Tesla app for the Apple Watch.,ðŸŸ¢,P13B_General,Consumer Platforms - General,Users â†’ Jobs â†’ Core Loop â†’ Key Features â†’ Tradeoffs â†’ Success Metrics,Product design,
2828,You're a PM for Walmart building a new fulfillment center. What products would you stock?,ðŸŸ¢,P13B_General,Consumer Platforms - General,Users â†’ Jobs â†’ Core Loop â†’ Key Features â†’ Tradeoffs â†’ Success Metrics,Product design,
2829,You're a PM in the middle of a sprint when a P1 issue arises that impacts the sprint goal due to requirements and design problems. How would you handle this?,ðŸŸ¢,P13B_General,Consumer Platforms - General,Users â†’ Jobs â†’ Core Loop â†’ Key Features â†’ Tradeoffs â†’ Success Metrics,Product design,
2836,You're a product manager at Meta. Design a product for hyperlocal experiences.,ðŸŸ¢,P13B_General,Consumer Platforms - General,Users â†’ Jobs â†’ Core Loop â†’ Key Features â†’ Tradeoffs â†’ Success Metrics,Product design,
2848,You're on the LA 2028 Olympic Games organizing committee. What product would you build?,ðŸŸ¢,P13B_General,Consumer Platforms - General,Users â†’ Jobs â†’ Core Loop â†’ Key Features â†’ Tradeoffs â†’ Success Metrics,Product design,
2849,You're PM at Meta. Design a fundraising product for a cause.,ðŸŸ¢,P13B_General,Consumer Platforms - General,Users â†’ Jobs â†’ Core Loop â†’ Key Features â†’ Tradeoffs â†’ Success Metrics,Product design,
2853,You're the CEO of an AI startup. Google offers you $1B in funding. What product would you build?,ðŸŸ¢,P13B_General,Consumer Platforms - General,Users â†’ Jobs â†’ Core Loop â†’ Key Features â†’ Tradeoffs â†’ Success Metrics,Product design,
2854,You're the CEO or VP of your favorite product. How would you structure your organization and why?,ðŸŸ¢,P13B_General,Consumer Platforms - General,Users â†’ Jobs â†’ Core Loop â†’ Key Features â†’ Tradeoffs â†’ Success Metrics,Product design,
2870,You're the PM for one of your favorite products. What is your strategy for the next year?,ðŸŸ¢,P13B_General,Consumer Platforms - General,Users â†’ Jobs â†’ Core Loop â†’ Key Features â†’ Tradeoffs â†’ Success Metrics,Product design,
2872,You're the PM for Safeway. What product would you build to better serve people's needs?,ðŸŸ¢,P13B_General,Consumer Platforms - General,Users â†’ Jobs â†’ Core Loop â†’ Key Features â†’ Tradeoffs â†’ Success Metrics,Product design,
2875,"You're the PM of a stock trading app like Fidelity or Zerodha. To increase the number of customers who complete their first trade after installing the app, what two new features would you launch?",ðŸŸ¢,P13B_General,Consumer Platforms - General,Users â†’ Jobs â†’ Core Loop â†’ Key Features â†’ Tradeoffs â†’ Success Metrics,Product design,
2878,You're the PM of the Apple Watch; how would you design it?,ðŸŸ¢,P13B_General,Consumer Platforms - General,Users â†’ Jobs â†’ Core Loop â†’ Key Features â†’ Tradeoffs â†’ Success Metrics,Product design,
431,Design a product recommendation system.,ðŸŸ¡,P13B_General,Consumer Platforms - General,Users â†’ Jobs â†’ Core Loop â†’ Key Features â†’ Tradeoffs â†’ Success Metrics,System design; recommendation engine,
693,Detect the language of a text input.,ðŸŸ¡,P13B_General,Consumer Platforms - General,Users â†’ Jobs â†’ Core Loop â†’ Key Features â†’ Tradeoffs â†’ Success Metrics,System design; NLP,
722,Discuss version control on Google Docs.,ðŸŸ¡,P13B_General,Consumer Platforms - General,Users â†’ Jobs â†’ Core Loop â†’ Key Features â†’ Tradeoffs â†’ Success Metrics,System explanation; version control,
798,Explain how RAG works.,ðŸŸ¡,P13B_General,Consumer Platforms - General,Users â†’ Jobs â†’ Core Loop â†’ Key Features â†’ Tradeoffs â†’ Success Metrics,System explanation; AI architecture,
827,Explain the differences between Parquet and Avro.,ðŸŸ¡,P13B_General,Consumer Platforms - General,Users â†’ Jobs â†’ Core Loop â†’ Key Features â†’ Tradeoffs â†’ Success Metrics,Data format explanation; system design,
830,Explain the differences between wide and narrow dependencies in Apache Spark.,ðŸŸ¡,P13B_General,Consumer Platforms - General,Users â†’ Jobs â†’ Core Loop â†’ Key Features â†’ Tradeoffs â†’ Success Metrics,System explanation; Spark architecture,
836,Explain the process of a Google Search.,ðŸŸ¡,P13B_General,Consumer Platforms - General,Users â†’ Jobs â†’ Core Loop â†’ Key Features â†’ Tradeoffs â†’ Success Metrics,System explanation; search architecture,
847,Explain your product's technical stacks and the associated trade-offs.,ðŸŸ¡,P13B_General,Consumer Platforms - General,Users â†’ Jobs â†’ Core Loop â†’ Key Features â†’ Tradeoffs â†’ Success Metrics,Technical explanation; tradeoff analysis,
921,"Given a large set of CSV files with thousands of paragraphs each, how would you detect duplicates within each file, and how would you scale this solution for many files?",ðŸŸ¡,P13B_General,Consumer Platforms - General,Users â†’ Jobs â†’ Core Loop â†’ Key Features â†’ Tradeoffs â†’ Success Metrics,Duplicate detection; system design,
1046,How do you approach building prototypes using AI tools versus traditional coding?,ðŸŸ¡,P13B_General,Consumer Platforms - General,Users â†’ Jobs â†’ Core Loop â†’ Key Features â†’ Tradeoffs â†’ Success Metrics,Prototyping approach; system design,
1164,How does an HTTP request work?,ðŸŸ¡,P13B_General,Consumer Platforms - General,Users â†’ Jobs â†’ Core Loop â†’ Key Features â†’ Tradeoffs â†’ Success Metrics,System explanation; networking,
1167,How does Nvidia employ machine learning?,ðŸŸ¡,P13B_General,Consumer Platforms - General,Users â†’ Jobs â†’ Core Loop â†’ Key Features â†’ Tradeoffs â†’ Success Metrics,System explanation; ML applications,
1265,How would you build a tool that verifies customer identities?,ðŸŸ¡,P13B_General,Consumer Platforms - General,Users â†’ Jobs â†’ Core Loop â†’ Key Features â†’ Tradeoffs â†’ Success Metrics,Identity verification; system design,
1272,How would you build TinyURL?,ðŸŸ¡,P13B_General,Consumer Platforms - General,Users â†’ Jobs â†’ Core Loop â†’ Key Features â†’ Tradeoffs â†’ Success Metrics,URL shortener; system design,
1274,How would you choose a programming language to build your product at Google?,ðŸŸ¡,P13B_General,Consumer Platforms - General,Users â†’ Jobs â†’ Core Loop â†’ Key Features â†’ Tradeoffs â†’ Success Metrics,Technology choice; system design,
1469,"How would you integrate an email marketing tool with a CRM like Salesforce, HubSpot, or Zoho?",ðŸŸ¡,P13B_General,Consumer Platforms - General,Users â†’ Jobs â†’ Core Loop â†’ Key Features â†’ Tradeoffs â†’ Success Metrics,Integration design; system design,
1483,How would you make the internet faster?,ðŸŸ¡,P13B_General,Consumer Platforms - General,Users â†’ Jobs â†’ Core Loop â†’ Key Features â†’ Tradeoffs â†’ Success Metrics,Infrastructure improvement; system design,
2205,What are the advantages and disadvantages of GraphQL?,ðŸŸ¡,P13B_General,Consumer Platforms - General,Users â†’ Jobs â†’ Core Loop â†’ Key Features â†’ Tradeoffs â†’ Success Metrics,GraphQL; system design,
2288,What factors do you consider when trying to integrate two different products or platforms?,ðŸŸ¡,P13B_General,Consumer Platforms - General,Users â†’ Jobs â†’ Core Loop â†’ Key Features â†’ Tradeoffs â†’ Success Metrics,Integration; system design,
2303,What happens when you navigate to a website?,ðŸŸ¡,P13B_General,Consumer Platforms - General,Users â†’ Jobs â†’ Core Loop â†’ Key Features â†’ Tradeoffs â†’ Success Metrics,Web navigation; system design,
2304,"What happens, technically, when someone does a Google Search?",ðŸŸ¡,P13B_General,Consumer Platforms - General,Users â†’ Jobs â†’ Core Loop â†’ Key Features â†’ Tradeoffs â†’ Success Metrics,Search system; system design,
2319,What is cloud gaming?,ðŸŸ¡,P13B_General,Consumer Platforms - General,Users â†’ Jobs â†’ Core Loop â†’ Key Features â†’ Tradeoffs â†’ Success Metrics,Cloud gaming; system design,
2320,What is delta lake?,ðŸŸ¡,P13B_General,Consumer Platforms - General,Users â†’ Jobs â†’ Core Loop â†’ Key Features â†’ Tradeoffs â†’ Success Metrics,Data architecture; system design,
2321,What is DevOps?,ðŸŸ¡,P13B_General,Consumer Platforms - General,Users â†’ Jobs â†’ Core Loop â†’ Key Features â†’ Tradeoffs â†’ Success Metrics,DevOps; system design,
2333,What is the difference between authentication and authorization?,ðŸŸ¡,P13B_General,Consumer Platforms - General,Users â†’ Jobs â†’ Core Loop â†’ Key Features â†’ Tradeoffs â†’ Success Metrics,Security concepts; system design,
2336,What is the difference between NoSQL and SQL?,ðŸŸ¡,P13B_General,Consumer Platforms - General,Users â†’ Jobs â†’ Core Loop â†’ Key Features â†’ Tradeoffs â†’ Success Metrics,Database comparison; system design,
2337,What is the difference between OLTP and OLAP?,ðŸŸ¡,P13B_General,Consumer Platforms - General,Users â†’ Jobs â†’ Core Loop â†’ Key Features â†’ Tradeoffs â†’ Success Metrics,Database architecture; system design,
2447,What technical elements are involved in implementing a per-transaction limit for the virtual card feature?,ðŸŸ¡,P13B_General,Consumer Platforms - General,Users â†’ Jobs â†’ Core Loop â†’ Key Features â†’ Tradeoffs â†’ Success Metrics,Technical elements; system design,
2518,"When building an app for millions of users, would you deploy the ML model on the server side or client side?",ðŸŸ¡,P13B_General,Consumer Platforms - General,Users â†’ Jobs â†’ Core Loop â†’ Key Features â†’ Tradeoffs â†’ Success Metrics,ML deployment; system design,
2525,When should you use a job cluster instead of an all-purpose cluster?,ðŸŸ¡,P13B_General,Consumer Platforms - General,Users â†’ Jobs â†’ Core Loop â†’ Key Features â†’ Tradeoffs â†’ Success Metrics,Cluster choice; system design,
996,Google wants to award its 5 trillionth query with a prize. How would you design this solution?,ðŸŸ¡,P13B_General,Consumer Platforms - General,Users â†’ Jobs â†’ Core Loop â†’ Key Features â†’ Tradeoffs â†’ Success Metrics,System design; milestone tracking,
1262,How would you build a recommendation system for an e-commerce store?,ðŸŸ¡,P13B_General,Consumer Platforms - General,Users â†’ Jobs â†’ Core Loop â†’ Key Features â†’ Tradeoffs â†’ Success Metrics,Recommendation system; system design,
1305,How would you design a system for a healthcare agent that summarizes a patient's medical history?,ðŸŸ¡,P13B_General,Consumer Platforms - General,Users â†’ Jobs â†’ Core Loop â†’ Key Features â†’ Tradeoffs â†’ Success Metrics,Healthcare system; system design,
1557,How would you scale the design of a messaging system that only involves emojis for users in Europe and US? How would you identify the origin of traffic?,ðŸŸ¡,P13B_General,Consumer Platforms - General,Users â†’ Jobs â†’ Core Loop â†’ Key Features â†’ Tradeoffs â†’ Success Metrics,Messaging system; system design,
2221,What are the key technical elements and considerations required to develop a push notification system for an app?,ðŸŸ¡,P13B_General,Consumer Platforms - General,Users â†’ Jobs â†’ Core Loop â†’ Key Features â†’ Tradeoffs â†’ Success Metrics,Push notifications; system design,
2678,"You are the lead for recommending notifications to an existing news app. Describe how the product works, the technologies used, how the system decides what notifications to send, and how you would ...",ðŸŸ¡,P13B_General,Consumer Platforms - General,Users â†’ Jobs â†’ Core Loop â†’ Key Features â†’ Tradeoffs â†’ Success Metrics,System design; conceptual question,
